"","ID Number","State","Year","EV Registrations","Total Vehicles","EV Share (%)","Stations","Total Charging Outlets","Level 1","Level 2","DC Fast","fuel_economy","Incentives","Number of Metro Organizing Committees","Population_20_64","Education_Bachelor","Labour_Force_Participation_Rate","Unemployment_Rate","Bachelor_Attainment","Per_Cap_Income","affectweather","devharm","discuss","exp","localofficials","personal","reducetax","regulate","worried","price_cents_per_kwh","gasoline_price_per_gallon","Total","Trucks","Trucks_Share","Party"
"1",0,"Alabama",2023,13000,4835900,0.27,424,1096,35,704,357,26.30215827,16,14,2900643,772092,74.1,3.5,26.62,35046,50.28,58.17,27.69,36.36,51.68,39.06,62.16,69.01,54.95,11.47,2.742,5446619,3397136.694,62.37,"Republican"
"2",1,"Alaska",2023,2700,559800,0.48,65,124,3,87,34,26.30215827,15,2,440628,126853,79.2,4.5,28.79,45792,60.66,65.95,38.61,43.68,53.11,43.28,65.38,71.61,62.49,21.41,3.594,680974,517524.9903,76,"Republican"
"3",2,"Arizona",2023,89800,6529000,1.38,1198,3506,9,2478,1019,26.30215827,50,8,4211120,1264694,77.9,3.8,30.03,41290,63.12,65.85,37.28,44.87,55.67,46.92,64.73,73.19,64.32,12.19,3.278,6447062,3868117.861,60,"Democratic"
"4",3,"Arkansas",2023,7100,2708300,0.26,334,833,3,709,121,26.30215827,24,8,1731063,419237,74.5,3.9,24.22,33012,52.43,60.02,28.37,37.78,50.82,39.08,63.39,68.58,56.21,9.73,2.76,3338322,2291924.212,68.65,"Republican"
"5",4,"California",2023,1256600,36850300,3.41,16381,49433,648,38217,10548,26.30215827,151,18,23173030,7978166,79.2,5.2,34.43,48013,68.39,72.79,42.73,52.83,60.48,53.19,72.08,76.3,71.24,24.87,4.731,31057329,16757878.09,53.96,"Democratic"
"6",5,"Colorado",2023,90100,5441800,1.66,2165,5432,90,4414,928,26.30215827,97,5,3569927,1512640,83.4,3.4,42.37,51768,67.94,69.2,41.85,46.94,56.37,46.66,66.86,74.75,67.15,11.76,3.152,5211580,3619329.359,69.45,"Democratic"
"7",6,"Connecticut",2023,31600,2945700,1.07,865,2547,64,2065,417,26.30215827,44,8,2102108,849843,82.7,4.3,40.43,53119,68.82,70.97,39.13,47.45,58.01,47,72.51,77.92,69.1,24.24,3.043,2837111,1652722.745,58.25,"Democratic"
"8",7,"Delaware",2023,8400,914700,0.92,197,523,5,321,197,26.30215827,31,4,572873,191352,80.8,3.3,33.4,44350,62.94,68.12,35.47,46.12,58.49,47.1,65.97,73.81,62.85,12.85,2.964,445240,262590.6036,58.98,"Democratic"
"9",9,"Florida",2023,254900,18583200,1.37,3430,9763,364,7235,2164,26.30215827,69,27,12789695,4148663,78.5,3.8,32.44,41902,61.4,65.94,34.49,44.86,58.67,47.25,66.88,74.41,63.49,13.53,3.117,19519552,11384590.43,58.32,"Republican"
"10",10,"Georgia",2023,92400,9642400,0.96,1886,4994,230,3675,1089,26.30215827,32,16,6493223,2138391,78.3,4.2,32.93,39685,60.57,61.26,32.95,43.74,57.37,46.27,66.48,72.64,61.86,11.06,2.908,9195822,5648441.847,61.42,"Democratic"
"11",11,"Hawaii",2023,25600,1080100,2.37,384,860,26,766,68,26.30215827,29,2,807278,272677,80.4,3.4,33.78,43794,67.49,73.66,42.2,53.04,60.68,53.07,72.19,76.13,69.9,38.6,4.458,1262693,799354.3701,63.31,"Democratic"
"12",12,"Idaho",2023,8500,1974600,0.43,205,517,10,371,136,26.30215827,32,5,1096727,320388,78.5,3,29.21,37426,56.44,60.64,32.8,39.84,51.27,41.11,60.83,70.58,57.74,9.08,3.3,2057655.401,1447821.051,70.36,"Republican"
"13",13,"Illinois",2023,99600,10043200,0.99,1337,3510,51,2489,970,26.30215827,65,16,7322239,2666297,81.4,4.5,36.41,45043,66.31,68.31,37.06,43.61,56.88,45.17,71.01,77.63,65.81,11.75,3.373,10139685,6292796.286,62.06,"Democratic"
"14",14,"Indiana",2023,26100,6172100,0.42,565,1533,8,1017,508,26.30215827,58,14,3906988,1107753,80.1,3.3,28.35,37299,54.12,59.36,29.6,35.3,49.93,37.51,60.84,70.26,54.03,11.49,3.135,5775462,3778325.741,65.42,"Republican"
"15",15,"Iowa",2023,9000,3153300,0.29,371,855,4,544,307,26.30215827,42,9,1794013,529724,83.2,2.5,29.53,39518,57.54,63.38,32.92,36.93,49.31,36.74,63.45,69.77,58.08,9.42,2.943,3827780,2583406.534,67.49,"Republican"
"16",16,"Kansas",2023,11300,2621100,0.43,547,1196,14,960,222,26.30215827,12,5,1652132,540476,81.7,2.9,32.71,38361,57.45,62.03,32.15,39.18,51.15,39.87,62.57,69.56,58.21,10.8,2.822,2472852,1618645.227,65.46,"Republican"
"17",17,"Kentucky",2023,11600,4039700,0.29,328,849,24,617,208,26.30215827,26,9,2602706,684577,75,3.8,26.3,34676,48.8,57.41,28.42,34.63,48.57,36.69,57.48,67.59,52.25,9.96,2.85,4551497,2929436.219,64.36,"Republican"
"18",18,"Louisiana",2023,8200,3774200,0.22,265,709,21,469,219,26.30215827,21,8,2601688,645238,74,4.6,24.8,34102,55.6,59.76,29.38,41.07,53.44,42.24,64.64,69.07,58.42,8.91,2.707,4522457,2975222.754,65.79,"Republican"
"19",19,"Maine",2023,7400,1236000,0.6,486,1084,22,840,222,26.30215827,22,4,796747,271638,79.9,2.9,34.09,42936,64.48,67.17,37.08,44.1,53.94,42.78,64.24,74,62.3,20.84,2.967,1366649,939045.3913,68.71,"Democratic"
"20",20,"Maryland",2023,72100,5060000,1.42,1726,5022,39,4054,929,26.30215827,67,7,3598506,1470676,82.8,3.7,40.87,50728,69.56,72.47,40.01,49.26,61.96,49.71,74.59,78.39,70.24,14.34,3.058,4935108,2846054.26,57.67,"Democratic"
"21",21,"Massachusetts",2023,73800,5491100,1.34,2965,7032,66,6300,666,26.30215827,75,10,4161612,1881293,82.9,3.7,45.21,55897,72.35,72.74,42.76,50.24,59.35,48.75,73.17,79.5,71.31,23.21,2.947,5239321,3238412.322,61.81,"Democratic"
"22",22,"Michigan",2023,50300,8525400,0.59,1447,3352,13,2629,703,26.30215827,45,13,5735546,1770434,78.2,4.1,30.87,38952,63.14,65.33,34.5,41.71,55.24,42.68,68.85,76.15,62.2,13.68,3.199,9907454,6919504.089,69.84,"Democratic"
"23",23,"Minnesota",2023,37100,5118500,0.72,773,1995,73,1484,438,26.30215827,128,8,3264485,1249751,85.1,2.7,38.28,46530,64.96,68.74,37.9,42.94,53.56,41.45,67.56,73.39,64.07,12.21,2.977,5848091,3944280.943,67.45,"Democratic"
"24",24,"Mississippi",2023,3600,2723300,0.13,163,551,139,297,115,26.30215827,20,4,1656557,386963,73.4,4.3,23.36,30807,51.97,56.09,27.8,38.11,53.61,41.09,64.59,70.5,56.79,10.95,2.643,2228844,1400621.82,62.84,"Republican"
"25",25,"Missouri",2023,26900,5626000,0.48,1240,2703,15,2248,440,26.30215827,57,9,3523313,1100990,80,3,31.25,38699,57.33,60.99,31.49,38.98,51.65,39.79,63.21,69.96,57.87,10.87,2.833,5504704,3610787.136,65.59,"Republican"
"26",26,"Montana",2023,4600,1021700,0.45,126,347,3,180,164,26.30215827,25,3,639167,196020,79.8,2.6,30.67,40197,57.52,61.79,35.43,36.76,48.51,36.84,60.63,69.29,57.8,10.97,3.15,2357075,1433110.993,60.8,"Republican"
"27",27,"Nebraska",2023,6900,1971200,0.35,260,554,1,400,153,26.30215827,19,4,1106920,367114,84.8,2.3,33.17,41436,56.28,61.22,31.91,36.91,49.33,37.47,62.73,69.01,57.53,9.14,3.001,1974401,1337028.255,67.72,"Republican"
"28",28,"Nevada",2023,47400,2556100,1.85,596,1987,15,1348,624,26.30215827,23,4,1881744,490564,78.8,4.3,26.07,40463,61.34,65.61,35.27,44.33,56.22,47.07,64.35,72.33,63.12,13.09,3.804,2681539,1605276.909,59.86,"Democratic"
"29",29,"New Hampshire",2023,9900,1383700,0.72,261,597,5,415,177,26.30215827,41,4,824809,314940,82.4,2.3,38.18,51587,64.77,67.11,37.59,43.11,53.52,41.42,67.7,75.01,64.03,22.96,2.857,1405435,901293.9566,64.13,"Democratic"
"30",30,"New Jersey",2023,134800,7324100,1.84,1299,3723,16,2704,1003,26.30215827,49,3,5416974,2274359,82.5,4.4,41.99,52583,69,73.88,38.11,46.93,60.42,49.46,74.68,79.88,70.55,15.27,2.97,5991811,3553870.207,59.31,"Democratic"
"31",31,"New Mexico",2023,10300,1952400,0.53,278,695,10,441,244,26.30215827,40,5,1188793,321193,75.1,4.8,27.02,35510,60.84,67.25,36.38,43.4,56.1,47.13,62.93,70.59,63.66,9.47,2.872,1909072,1243681.509,65.15,"Democratic"
"32",32,"New York",2023,131300,11318600,1.16,3898,11114,38,9717,1359,26.30215827,91,14,11481964,4471107,79.3,4.7,38.94,48847,70.45,71.89,38.84,48.53,61.76,51.89,75.02,80.65,71.58,18.28,3.071,9361933.386,5418756.811,57.88,"Democratic"
"33",33,"North Carolina",2023,70200,9085500,0.77,1595,4204,37,3188,979,26.30215827,61,18,6296112,2155719,78.9,3.7,34.24,40414,61.26,65.17,34.76,43.35,56.78,44.39,67.82,73.52,62.74,10.61,2.913,8752729,5446917.155,62.23,"Republican"
"34",34,"North Dakota",2023,1000,797400,0.13,98,209,0,121,88,26.30215827,14,3,445316,140873,85.9,2.4,31.63,42814,48.42,53.21,28.7,30.59,43.51,31.58,54.02,62.4,49.35,8.03,2.963,1060838,792596.8942,74.71,"Republican"
"35",35,"Ohio",2023,50400,10317300,0.49,1586,3653,41,2864,748,26.30215827,34,17,6693511,2054395,79.8,3.8,30.69,39395,58.92,62.6,31.89,38.97,53.43,40.34,65.48,73.07,58.32,11.04,3.131,11242160,6870888.977,61.12,"Republican"
"36",36,"Oklahoma",2023,22800,4287900,0.53,358,1363,6,514,843,26.30215827,30,4,2291172,588886,75.9,4.2,25.7,34206,51.34,57.01,28.72,37.74,50.28,39.32,59.97,66.86,54.72,9.3,2.762,3410923,2256149.898,66.14,"Republican"
"37",37,"Oregon",2023,64400,3832700,1.68,1263,3190,74,2326,790,26.30215827,98,10,2476158,862700,79.5,3.7,34.84,44623,66.83,71.41,42.82,49.97,57.47,47.98,67.02,74.88,66.58,10.32,3.871,4230276,2721525.197,64.33,"Democratic"
"38",38,"Pennsylvania",2023,70200,10211000,0.69,1712,4293,51,3245,997,26.30215827,60,20,7371987,2512385,80,4,34.08,42605,62.25,65.22,33.73,39.93,55.1,42.99,68.75,75.03,63.36,12.57,3.328,10866252,6845766.641,63,"Democratic"
"39",39,"Rhode Island",2023,6400,877600,0.73,317,817,82,644,91,26.30215827,29,1,645295,236597,80.9,4.2,36.66,46525,64.54,67.65,36.27,45.3,56,45.36,67.51,74.94,64.67,21.62,2.939,822447,473686.0486,57.59,"Democratic"
"40",40,"South Carolina",2023,20900,5042400,0.41,559,1374,15,906,453,26.30215827,38,11,3045610,922103,77.7,3.8,30.28,38097,56.32,61.85,31.15,40.31,54.87,42.18,64.19,70.45,58.31,10.5,2.799,5283221,3278164.085,62.05,"Republican"
"41",41,"South Dakota",2023,1700,918000,0.19,98,232,2,127,103,26.30215827,19,3,503838,155109,83.1,2.2,30.79,40263,54.81,58.76,30.62,36.53,48.94,37.05,62.33,68.86,56.17,10.49,3.039,1384940,923880.5308,66.71,"Republican"
"42",42,"Tennessee",2023,33200,6538800,0.51,918,2225,34,1712,479,26.30215827,13,11,4145660,1238980,77.6,3.7,29.89,38538,52.32,57.96,29.09,38.75,52.73,40.87,62.1,70.34,56.09,10.69,2.726,6950844,4454618.189,64.09,"Republican"
"43",43,"Texas",2023,230100,25796600,0.89,3104,8637,83,6297,2257,26.30215827,113,23,17924365,5589937,79.3,4,31.19,39775,59.93,65.5,33.05,45.16,57.23,47.69,66.15,71.19,63.67,10.04,2.734,23477492,15578885.48,66.36,"Republican"
"44",44,"Utah",2023,40000,3076200,1.3,893,2185,15,1838,332,26.30215827,27,4,1960743,657087,82.4,2.9,33.51,40096,57.9,61.1,35.07,39,50.79,40.18,60.11,69.76,58.52,9.03,3.285,3084536,1884454.322,61.09,"Republican"
"45",45,"Vermont",2023,7800,593100,1.32,381,978,21,838,119,26.30215827,61,1,368533,149859,82.7,2.4,40.66,46029,69.06,70.85,40.92,46.3,55.2,43.66,69.22,76.62,66.98,17.53,3.058,629430,429091.4722,68.17,"Democratic"
"46",46,"Virginia",2023,84900,7723500,1.1,1562,4565,226,3235,1104,26.30215827,43,15,5101173,2019008,80.6,3.4,39.58,48689,65.31,68.79,37.89,46.15,58.5,46.55,70.71,75.61,66.28,10.68,3.007,7922073,4779369.16,60.33,"Democratic"
"47",47,"Washington",2023,152100,6816100,2.23,2202,5817,165,4578,1074,26.30215827,81,12,4647190,1739254,80.7,4.1,37.43,52011,68.1,72.24,43.59,50.18,58.01,48.28,69.92,75.87,68.49,9.58,4.231,7444189,4607190.602,61.89,"Democratic"
"48",48,"West Virginia",2023,2800,1510900,0.19,155,446,19,286,141,26.30215827,8,8,991037,223641,71.7,4.2,22.57,32766,43.81,51.97,26.22,29.01,44,31.39,53.06,62.84,46.56,10.26,3.095,1515512,1043582.707,68.86,"Republican"
"49",49,"Wisconsin",2023,24900,5529000,0.45,577,1398,7,977,414,26.30215827,47,14,3378349,1079657,82.5,2.5,31.96,41785,61.32,65.44,34.39,39.36,51.89,40.03,66.09,74.02,60.05,12.72,2.943,5800567,3783596.515,65.23,"Democratic"
"50",50,"Wyoming",2023,1100,652900,0.17,103,252,4,140,108,26.30215827,17,2,326326,87914,80.5,2.5,26.94,39966,48.06,52.65,30.24,29.69,43.01,31.57,53.68,63.07,50.14,8.39,3.15,890622,685247.2259,76.94,"Republican"
"51",51,"Alabama",2022,8700,4795500,0.18,327,851,35,578,238,28.46875,14,12,2907037,764167,73.8,4.2,26.29,33777,49.63,59.27,26.96,37.02,50.83,38.63,60.83,68.41,54.59,11.59,2.651,5464382,3338723.638,61.1,"Republican"
"52",52,"Alaska",2022,2000,562100,0.36,61,113,3,81,29,28.46875,15,2,440003,119112,79.6,4.2,27.07,43054,59.17,66.43,37.6,43.01,51.22,42.31,63.75,71.07,61.53,20.73,3.476,679125,510725.958,75.2,"Republican"
"53",53,"Arizona",2022,65800,6490500,1.01,984,2661,9,2043,609,28.46875,50,8,4194186,1217980,77.5,3.9,29.04,39819,61.73,66.18,36.23,44.68,53.52,45.94,62.79,72.52,63.2,11.31,3.17,6090179,3588898.623,58.93,"Democratic"
"54",54,"Arkansas",2022,5100,2685400,0.19,218,590,3,509,78,28.46875,22,7,1728688,401468,72.7,4.2,23.22,31380,51.26,60.88,27.61,37.97,49.86,38.45,61.56,68.33,55.74,9.91,2.67,3216316,2178155.708,67.72,"Republican"
"55",55,"California",2022,903600,36119800,2.5,14609,43589,559,34366,8634,28.46875,148,17,23347658,7860522,78.4,5,33.67,46661,67.47,73.07,41.65,52.43,59.01,51.98,70.47,75.79,70.42,22.33,4.575,31119113,16424538.76,52.78,"Democratic"
"56",56,"Colorado",2022,59900,5387100,1.11,1787,4408,90,3585,733,28.46875,93,5,3564038,1492924,83,3.1,41.89,49071,66.44,69.3,40.76,46.69,54.46,45.42,64.98,74.12,65.75,11.75,3.049,5116858,3481941.296,68.05,"Democratic"
"57",57,"Connecticut",2022,22000,2951300,0.75,598,1643,67,1225,349,28.46875,43,8,2124983,824424,81.4,4.4,38.8,51581,67.24,71.02,37.87,47.75,57.02,46.15,70.72,77.34,67.89,21.08,2.943,2789423,1593839.315,57.14,"Democratic"
"58",58,"Delaware",2022,5400,913600,0.59,156,367,5,257,105,28.46875,29,2,571842,190688,81,4.2,33.35,42571,62.03,67.94,34.09,46.09,58.22,46.24,63.72,73.44,61.73,11.83,2.867,467268,269176.2929,57.61,"Democratic"
"59",60,"Florida",2022,168000,18128300,0.93,2923,7818,364,5827,1627,28.46875,69,27,12650482,3977273,77.7,3.7,31.44,40278,60.48,66.54,33.43,44.79,58.39,46.72,65.11,73.92,62.73,12.51,3.014,19663462,11190119.96,56.91,"Republican"
"60",61,"Georgia",2022,60100,9542400,0.63,1552,4131,230,3106,795,28.46875,30,15,6460268,2065021,78.1,3.9,31.96,38378,59.35,61.96,32.05,43.93,56.51,45.61,64.42,72.21,60.87,12,2.812,9153627,5485503.344,59.93,"Democratic"
"61",62,"Hawaii",2022,19800,1080500,1.83,405,938,30,831,77,28.46875,29,2,818536,264889,80.4,3.5,32.36,42710,66.87,74.4,41.32,52.8,59.54,52.32,71.22,75.86,69.36,39.72,4.312,1243333,770662.1691,61.98,"Democratic"
"62",63,"Idaho",2022,5900,1934200,0.31,155,382,10,285,87,28.46875,32,5,1091836,312135,77.6,2.6,28.59,35980,55.62,61.42,31.85,40.19,49.46,40.55,59.86,70.17,57.45,8.51,3.191,2031331.673,1411137.511,69.47,"Republican"
"63",64,"Illinois",2022,66900,10037500,0.67,1342,3351,50,2615,686,28.46875,61,11,7378881,2625203,80.6,4.5,35.58,43317,64.59,68.57,36.31,43.47,55.63,44.55,68.88,77.11,64.6,11.94,3.262,10334435,6271824.093,60.69,"Democratic"
"64",65,"Indiana",2022,17700,6094400,0.29,404,1093,8,747,338,28.46875,55,12,3916848,1080594,79.2,3.4,27.59,35984,52.34,59.63,28.5,35.29,48.79,37.07,58.04,69.72,52.88,11.66,3.032,5383640,3475614.374,64.56,"Republican"
"65",66,"Iowa",2022,6200,3118200,0.2,305,659,4,420,235,28.46875,40,8,1802353,543259,83.4,2.6,30.14,38917,55.82,64.03,31.92,36.66,48.15,35.88,61.39,69.53,56.78,9.57,2.846,3779422,2509832.033,66.41,"Republican"
"66",67,"Kansas",2022,7600,2604600,0.29,489,1045,14,878,153,28.46875,12,4,1657175,534864,81.1,3.4,32.28,37919,56.06,62.29,31.09,39.19,50.14,39.06,60.19,69.2,57.13,11.47,2.729,2588185,1670622.042,64.55,"Republican"
"67",68,"Kentucky",2022,7600,3974600,0.19,256,629,24,494,111,28.46875,25,5,2601742,683785,74.4,4,26.28,33980,47.97,57.57,27.38,34.81,47.48,36.17,55.42,66.81,51.57,10.51,2.756,4291816,2694967.438,62.79,"Republican"
"68",69,"Louisiana",2022,5900,3792200,0.16,193,475,21,327,127,28.46875,19,8,2631788,654595,73.8,5.3,24.87,32171,54.13,59.65,28.41,41.07,52.01,41.34,62.12,68.74,57.44,10.41,2.618,4593542,2963860.716,64.52,"Republican"
"69",70,"Maine",2022,5000,1222000,0.41,412,869,25,665,179,28.46875,19,4,797001,261241,79.1,3,32.78,41188,62.84,66.89,35.36,44.2,52.99,41.79,61.03,73.37,60.62,17.44,2.87,1294286,870151.4317,67.23,"Democratic"
"70",71,"Maryland",2022,46100,5066800,0.91,1384,3964,45,3222,697,28.46875,66,5,3623239,1481450,82.4,3.7,40.89,49236,68.49,73.17,39.15,49.18,61.57,48.91,73.59,78.08,69.38,13.32,2.958,4919054,2774775.194,56.41,"Democratic"
"71",72,"Massachusetts",2022,49400,5422300,0.91,2406,5748,64,5096,588,28.46875,68,10,4178856,1829800,81.9,3.8,43.79,54025,70.73,72.9,41.49,50.06,58.28,47.69,71.01,78.83,69.89,21.27,2.85,5184450,3126665.822,60.31,"Democratic"
"72",73,"Michigan",2022,33100,8445900,0.39,1149,2703,14,2153,526,28.46875,44,13,5789361,1732598,77.7,4.4,29.93,38151,61.76,65.8,33.38,42.28,54.52,42.14,66.92,75.93,61.15,13.2,3.094,9403708,6427908.732,68.36,"Democratic"
"73",74,"Minnesota",2022,24300,5053400,0.48,601,1533,75,1180,278,28.46875,126,5,3287676,1217882,84.2,2.9,37.04,45021,63.13,68.79,36.76,42.45,52.35,40.26,65.18,72.94,62.37,12.04,2.879,5673333,3745936.926,66.03,"Democratic"
"74",75,"Mississippi",2022,2400,2719900,0.09,114,440,139,220,81,28.46875,18,3,1659306,372287,72.2,4.4,22.44,29045,51.45,57.35,27.01,38.99,52.84,40.67,63.48,70.02,56.53,10.36,2.556,2298929,1421341.563,61.83,"Republican"
"75",76,"Missouri",2022,17900,5422400,0.33,1029,2216,14,1910,292,28.46875,57,8,3534730,1066842,78.8,3.4,30.18,36640,55.97,61.43,30.26,39.18,50.71,38.95,60.96,69.56,56.81,10.26,2.74,5373722,3454475.969,64.28,"Republican"
"76",77,"Montana",2022,3300,999600,0.33,98,253,3,142,108,28.46875,24,3,634500,199411,80.3,2.7,31.43,38329,55.67,62.28,34.57,36.4,46.03,36,59.25,68.8,56.63,9.97,3.046,2249485,1370575.914,60.93,"Republican"
"77",78,"Nebraska",2022,4600,1940200,0.24,214,446,0,340,106,28.46875,19,3,1100621,351803,83.5,2,31.96,38997,54.77,61.51,31.06,36.87,48,36.8,60.8,68.85,56.55,8.83,2.902,1967125,1312428.239,66.72,"Republican"
"78",79,"Nevada",2022,32900,2520700,1.31,478,1670,15,1227,428,28.46875,23,4,1880197,449189,78.3,5.1,23.89,38183,60.11,65.99,34.29,44.27,54.35,46.1,62.44,71.86,62.08,10.94,3.679,2672391,1566874.588,58.63,"Democratic"
"79",80,"New Hampshire",2022,7000,1373700,0.51,201,466,6,322,138,28.46875,34,4,825946,316170,81.7,2.4,38.28,49281,63.05,67.39,36.06,43.3,52.57,40.56,65.6,74.55,62.64,21.07,2.763,1437151,903740.1387,62.88,"Democratic"
"80",81,"New Jersey",2022,87000,7148700,1.22,938,2713,16,1952,745,28.46875,45,2,5440078,2254136,81.8,4.8,41.44,51272,68.13,74.11,37.4,46.95,59.39,48.75,73.29,79.52,69.76,14.8,2.873,5999667,3476206.495,57.94,"Democratic"
"81",82,"New Mexico",2022,7100,1929400,0.37,211,528,10,359,159,28.46875,40,4,1194313,314767,74.1,4.8,26.36,33916,59.38,67.48,35.06,43.04,54.02,46.22,60.64,70.1,62.42,10.02,2.778,1870380,1202626.547,64.3,"Democratic"
"82",83,"New York",2022,84700,11306300,0.75,3326,9535,41,8330,1164,28.46875,89,14,11626637,4409174,78.5,4.9,37.92,47421,69.74,72.52,38.24,48.66,60.76,51.33,73.51,80.11,70.97,18.33,2.97,9111362.178,5324362.043,58.44,"Democratic"
"83",84,"North Carolina",2022,45600,8970300,0.51,1166,3040,37,2312,691,28.46875,59,18,6244237,2072271,78.3,3.5,33.19,38701,60.15,65.73,33.55,43.35,56.4,43.81,66.5,73.22,61.95,9.6,2.817,8995906,5486863.903,60.99,"Republican"
"84",85,"North Dakota",2022,600,785500,0.08,80,172,0,111,61,28.46875,13,3,442366,130597,84.3,1.9,29.52,41800,46.37,53.43,27.83,30.16,41.8,30.98,51.19,62.19,48.04,8.42,2.866,1093509,805105.9867,73.63,"Republican"
"85",86,"Ohio",2022,34100,10278300,0.33,1247,2818,40,2336,442,28.46875,34,14,6728904,2042704,79,3.5,30.36,37932,57.41,63.16,30.62,39.3,52.65,39.92,63.24,72.67,57.29,10.64,3.028,11028755,6583927.652,59.7,"Republican"
"86",87,"Oklahoma",2022,16300,4249900,0.38,340,1093,8,457,628,28.46875,29,3,2288709,584407,75.3,3.9,25.53,32930,49.99,57.76,27.72,37.64,49.06,38.68,57.33,66.52,53.94,10.05,2.672,3345331,2161712.79,64.62,"Republican"
"87",88,"Oregon",2022,47000,3779800,1.24,1009,2475,75,1921,479,28.46875,94,8,2486673,827222,79,4,33.27,42474,65.9,71.64,41.38,49.64,56.06,46.61,64.87,74.38,65.49,9.26,3.744,4139333,2625317.914,63.42,"Democratic"
"88",89,"Pennsylvania",2022,47400,10165300,0.47,1326,3251,51,2496,704,28.46875,59,19,7441870,2516338,79.5,4,33.81,41489,61.34,66.09,32.93,40.53,54.3,42.39,67.05,74.65,62.51,11.86,3.218,10868829,6703260.627,61.67,"Democratic"
"89",90,"Rhode Island",2022,4300,872000,0.49,297,783,82,627,74,28.46875,29,1,648199,239678,80.8,4.3,36.98,44538,63.22,67.8,34.76,45.7,55.2,44.62,65.28,74.53,63.57,19.3,2.842,806142,452526.9733,56.13,"Democratic"
"90",91,"South Carolina",2022,13500,4944700,0.27,413,978,18,697,263,28.46875,38,10,3008187,893972,77.1,3.9,29.72,36675,55.48,62.62,30.17,40.61,54.47,41.83,62.9,70.25,57.88,10.74,2.707,5245829,3185298.216,60.72,"Republican"
"91",92,"South Dakota",2022,1200,945100,0.13,69,176,2,96,78,28.46875,18,2,500281,146233,83,2.5,29.23,37618,53.81,60.04,29.92,36.82,48.16,36.61,60.93,68.86,55.7,10.44,2.939,1364513,893980.5053,65.52,"Republican"
"92",93,"Tennessee",2022,22000,6422600,0.34,695,1683,33,1384,266,28.46875,13,11,4122277,1198362,77.2,3.2,29.07,36704,51.86,59.13,28.01,39.33,52.31,40.42,60.56,69.57,55.75,10.89,2.636,6828011,4294159.214,62.89,"Republican"
"93",94,"Texas",2022,149000,25346000,0.59,2471,6332,96,4825,1411,28.46875,113,23,17706100,5442080,78.6,4,30.74,38123,58.26,65.75,31.91,44.62,55.64,46.57,62.87,70.48,62.37,10.16,2.644,23291638,15202306.89,65.27,"Republican"
"94",95,"Utah",2022,28000,2997500,0.93,780,1853,17,1580,256,28.46875,27,4,1938728,635468,81.7,2.3,32.78,38514,56.28,61.58,34.1,38.68,48.31,39.31,58.37,69.04,57.52,8.8,3.177,2876800,1760470.687,61.2,"Republican"
"95",96,"Vermont",2022,5300,595000,0.89,351,898,35,758,105,28.46875,54,1,371621,148466,81.9,2.4,39.95,42251,67.6,70.95,39.6,46.4,54.24,42.73,67.06,76.32,65.55,16.99,2.958,625664,417728.378,66.77,"Democratic"
"96",97,"Virginia",2022,56600,7642100,0.74,1221,3643,237,2522,884,28.46875,43,12,5119025,1997799,80.4,3.3,39.03,47199,64.33,69.39,36.75,46.1,57.95,45.87,69.64,75.32,65.58,10.75,2.908,7763287,4596701.178,59.21,"Democratic"
"97",98,"Washington",2022,104100,6802500,1.53,1784,4533,209,3511,813,28.46875,79,11,4660421,1695565,79.9,3.8,36.38,50764,66.96,72.74,42.35,49.86,56.47,46.96,68.23,75.36,67.42,9.05,4.092,7835063,4753229.177,60.67,"Democratic"
"98",99,"West Virginia",2022,1900,1488900,0.13,137,385,19,259,107,28.46875,8,6,1000729,235223,69.2,4.5,23.51,31922,42.31,52.47,25.19,28.67,42.84,31.17,51.22,62.53,45.9,9.74,2.993,1652896,1130585.75,68.4,"Republican"
"99",100,"Wisconsin",2022,15700,5476200,0.29,470,1101,6,824,271,28.46875,46,12,3393120,1056108,81.9,2.6,31.12,40188,59.72,65.79,33.29,39.63,50.62,39.52,63.83,73.72,58.81,11.95,2.846,5681673,3657963.478,64.38,"Democratic"
"100",101,"Wyoming",2022,800,644400,0.12,86,214,6,114,94,28.46875,17,2,328690,89499,81.4,3.6,27.23,38114,46.03,53.54,29.62,29.26,40.09,31.09,52.29,62.73,49.27,8.24,3.046,890285,676313.3534,75.97,"Republican"
"101",102,"Alabama",2021,4700,4747600,0.1,277,682,35,529,118,28.51977401,13,12,2889360,731521,72.5,5.1,25.32,30608,53.64,61.12,27.3,38.02,54.74,40.62,60.92,67.15,57.56,10.18,2.49,5479971,3287997.977,60,"Republican"
"102",103,"Alaska",2021,1300,569100,0.23,52,94,3,75,16,28.51977401,15,2,433224,125339,78.2,6.6,28.93,39509,62.25,67.51,39.19,41.39,55.13,43.2,63.35,69.14,63.23,20.02,3.264,686142,511500.6377,74.55,"Republican"
"103",104,"Arizona",2021,40700,6359200,0.64,890,2259,10,1825,424,28.51977401,50,8,4134524,1184134,76.7,5.4,28.64,36295,64.22,67.54,37.3,46.52,57.36,47.8,62.91,71.21,65.73,10.73,2.977,6064542,3504627.455,57.79,"Democratic"
"104",105,"Arkansas",2021,2400,2690900,0.09,164,463,3,394,66,28.51977401,22,7,1713090,393003,74.5,5.3,22.94,29252,55.89,63.91,29.34,38.58,54.65,40.61,62.73,67.11,59.38,9.1,2.507,3214781,2148142.694,66.82,"Republican"
"105",106,"California",2021,563100,35000500,1.61,14607,41237,648,33723,6824,28.51977401,145,17,23477035,7763614,77.4,8,33.07,42396,70.14,74.26,42.65,53.36,61.89,54.32,71.06,74.12,72.7,19.65,4.296,31349073,16172731.89,51.59,"Democratic"
"106",107,"Colorado",2021,37000,5286400,0.7,1619,3992,89,3320,583,28.51977401,92,5,3537735,1444892,81.8,5,40.84,44617,67.09,69.03,40.05,46.6,57.07,46.4,62.76,71.71,65.98,10.9,2.863,5096394,3406756.302,66.85,"Democratic"
"107",108,"Connecticut",2021,13300,2872000,0.46,533,1430,76,1040,312,28.51977401,41,8,2124677,835536,81,6.3,39.33,48146,69.9,72.09,38.32,48.61,59.81,48.3,70.76,75.65,69.66,18.32,2.763,2756485,1543765.35,56,"Democratic"
"108",109,"Delaware",2021,3000,909600,0.33,134,314,5,218,91,28.51977401,26,3,567188,185120,77.1,5.5,32.64,38797,66.67,69.2,34.1,49.64,61.26,48.62,64.14,72.62,64.42,10.5,2.692,472175,266285.9505,56.4,"Democratic"
"109",111,"Florida",2021,95600,17729600,0.54,2636,6748,372,5229,1147,28.51977401,68,27,12407546,3776233,76.9,5.4,30.43,36196,63.55,67.8,33.85,46.83,62.08,48.11,64.85,72.53,64.79,10.67,2.83,19180165,10628886.76,55.42,"Republican"
"110",112,"Georgia",2021,34000,9399700,0.36,1585,3947,230,3131,586,28.51977401,29,15,6374393,2029894,76.6,5.3,31.84,35086,63.11,62.21,32.18,47.08,59.71,47.98,65.14,71.04,63.9,10.43,2.641,9072876,5324556.837,58.69,"Democratic"
"111",113,"Hawaii",2021,14200,1080800,1.31,386,839,30,724,85,28.51977401,28,2,825335,266711,79.6,7.4,32.32,38614,64.47,67.89,35.45,45.78,58.75,46.77,65.83,71.87,65.23,30.31,4.049,1235360,743908.4992,60.22,"Democratic"
"112",114,"Idaho",2021,3500,1911100,0.18,139,345,10,255,80,28.51977401,32,5,1063392,292245,78,3,27.48,33841,58.23,63.53,34.09,39.64,53.82,40.46,58.71,67.83,59.36,8.17,2.997,1976199.166,1355430.762,68.59,"Republican"
"113",115,"Illinois",2021,36500,10027700,0.36,1079,2764,60,2197,507,28.51977401,57,11,7430060,2614998,79.6,7,35.19,39794,67.76,70.12,36.9,46.52,59.63,48.03,70.29,75.82,67.91,10.14,3.063,11003729,6535648.611,59.39,"Democratic"
"114",116,"Indiana",2021,10400,6097100,0.17,357,971,8,684,279,28.51977401,55,12,3912332,1059204,78.3,4.6,27.07,33054,58.02,61.62,30.03,38.23,53.47,39.8,59.73,68.96,56.89,10.36,2.847,5552566,3512603.571,63.26,"Republican"
"115",117,"Iowa",2021,3700,3110700,0.12,281,584,27,399,158,28.51977401,40,8,1794571,514165,82.3,3.4,28.65,35715,61.1,66.22,33.18,38.79,53.59,39.79,63.86,69.37,60.96,9.13,2.672,3839312,2506932.98,65.3,"Republican"
"116",118,"Kansas",2021,4500,2592800,0.17,493,1017,14,893,110,28.51977401,12,4,1655394,538657,80.4,3.9,32.54,35028,60.55,62.88,32.13,40.14,53.77,40.84,60.24,67.85,59.44,10.47,2.562,2606313,1656795.326,63.57,"Republican"
"117",119,"Kentucky",2021,4200,4016500,0.1,225,532,24,403,105,28.51977401,25,5,2598395,658702,72.9,4.9,25.35,30728,53.15,59.41,28.22,36.36,52.04,37.97,55.66,66.36,54.83,9.12,2.588,4408730,2730650.078,61.94,"Republican"
"118",120,"Louisiana",2021,3200,3820000,0.08,159,385,24,280,81,28.51977401,18,8,2657441,642800,72.3,7.4,24.19,30117,57.07,60.07,28.68,39.98,54.47,42.3,60.3,66.52,58.38,8.82,2.458,3862489.789,2451249.355,63.46,"Republican"
"119",121,"Maine",2021,3000,1234700,0.24,301,639,24,480,135,28.51977401,18,4,795561,260299,78.2,4.4,32.72,38483,65.18,66.54,35.15,44.99,55.94,42.73,59.77,72.15,60.45,13.96,2.695,1387656,910806.4456,65.64,"Democratic"
"120",122,"Maryland",2021,25600,5051200,0.51,1257,3430,47,2796,587,28.51977401,65,4,3648504,1438256,81.2,5.7,39.42,46500,72.4,74.36,40.12,51.86,65.01,52.35,74.44,76.35,72.39,11.48,2.777,4910674,2713670.606,55.26,"Democratic"
"121",123,"Massachusetts",2021,30500,5423200,0.56,2176,4871,71,4370,430,28.51977401,66,10,4194456,1840485,81.9,6.2,43.88,49746,73.2,73.53,41.67,50.85,61.12,49.61,70.81,77.35,71.1,19.06,2.676,5207052,3064884.515,58.86,"Democratic"
"122",124,"Michigan",2021,17500,8398200,0.21,817,1799,24,1373,392,28.51977401,44,13,5807888,1727833,76.5,6.6,29.75,35353,64.45,66.25,33.64,43.64,57.57,43.95,66.35,73.71,62.47,12.93,2.905,9556452,6405719.823,67.03,"Democratic"
"123",125,"Minnesota",2021,15000,5209500,0.29,586,1385,123,1027,235,28.51977401,124,5,3293062,1214630,84.1,4.5,36.88,41753,65.87,69.38,36.07,43.45,56.07,43.06,65.04,71.5,64.07,11.08,2.704,5511960,3545212.805,64.32,"Democratic"
"124",126,"Mississippi",2021,1300,2729200,0.05,112,433,139,222,72,28.51977401,18,3,1670491,369332,71.2,6.3,22.11,26941,55.49,58.36,28.49,41.7,57.25,44.19,65.52,69.33,61.39,9.5,2.4,2385768,1450174.755,60.78,"Republican"
"125",127,"Missouri",2021,10000,5557900,0.18,1047,2188,16,1936,236,28.51977401,57,8,3530751,1061665,78.3,4.4,30.07,34593,59.85,63.12,31.51,40.44,54.98,40.99,61.41,68.34,59.66,9.85,2.572,5603939,3529205.166,62.98,"Republican"
"126",128,"Montana",2021,1600,989600,0.16,75,212,3,107,102,28.51977401,24,3,624418,197795,78,3.7,31.68,36020,58.98,63.98,35.67,37.18,51.73,38.65,60.25,68.22,59.94,9.5,2.86,2140014,1294060.047,60.47,"Republican"
"127",129,"Nebraska",2021,2700,1928700,0.14,182,377,7,290,80,28.51977401,18,3,1103181,358816,83.7,2.5,32.53,36227,58.26,62.52,31.92,37.8,52.12,39.25,61.53,67.98,59.31,8.84,2.725,1933528,1268787.263,65.62,"Republican"
"128",130,"Nevada",2021,17400,2477400,0.7,451,1361,16,1001,344,28.51977401,23,4,1858637,460470,77.4,9.2,24.77,34933,64.55,68.42,36.3,46.35,59.16,48.09,63.22,71.17,65.33,8.58,3.454,2676143,1546093.313,57.77,"Democratic"
"129",131,"New Hampshire",2021,4000,1378200,0.29,164,357,6,246,105,28.51977401,33,4,827033,306495,81.8,3.5,37.06,45365,65.81,67.5,36.7,44.25,56.33,42.89,65.95,73.48,64.18,17.37,2.595,1417949,872359.0046,61.52,"Democratic"
"130",132,"New Jersey",2021,47800,7095100,0.67,749,2021,16,1450,555,28.51977401,42,2,5462964,2254970,80.6,7.6,41.28,47338,71.81,75.17,36.96,48.95,62.95,50.45,73.01,77.82,71.81,14.01,2.697,6249905,3528432.757,56.46,"Democratic"
"131",133,"New Mexico",2021,4200,1903300,0.22,189,461,10,323,128,28.51977401,39,4,1190663,307969,72.3,7.4,25.87,31043,64.87,69.55,38.52,46.97,58.79,49.99,63.3,70.48,67.03,9.79,2.608,1862673,1179754.32,63.34,"Democratic"
"132",134,"New York",2021,51900,11377800,0.46,2983,7646,42,6749,855,28.51977401,87,14,11749844,4459370,77.8,8.5,37.95,43078,73.6,73.89,39.92,51.09,64.25,52.56,73.4,78.19,73.35,16.11,2.789,9408795.689,5243624.078,55.73,"Democratic"
"133",135,"North Carolina",2021,25200,8912800,0.28,1120,2789,44,2250,495,28.51977401,57,18,6154794,2000346,77.3,5.5,32.5,35254,62.62,66.26,34.11,44.89,59.44,45.79,66.27,71.51,64.03,9.29,2.645,8707506,5205386.932,59.78,"Republican"
"134",136,"North Dakota",2021,400,776800,0.05,61,139,0,81,58,28.51977401,13,3,443822,129906,83,2.9,29.27,36497,52.11,54.23,29.5,31.6,46.64,33.91,53.35,63.16,52,8.65,2.691,925186,672175.1942,72.65,"Republican"
"135",137,"Ohio",2021,21200,10396200,0.2,957,2224,33,1826,365,28.51977401,34,14,6762937,1977817,78.1,5.2,29.24,35119,61.46,64.38,31.73,41.05,56.5,41.79,63.13,70.9,59.76,9.76,2.843,10892377,6356410.101,58.36,"Republican"
"136",138,"Oklahoma",2021,7100,4124100,0.17,313,1089,11,414,664,28.51977401,29,3,2272893,562791,75.3,5.6,24.76,29969,53.53,59.93,29.69,38.09,53.87,39.98,57.68,65.67,56.92,8.52,2.508,3353167,2119825.422,63.22,"Republican"
"137",139,"Oregon",2021,30300,3784800,0.8,994,2433,86,1915,432,28.51977401,92,8,2495255,829932,77.4,6.1,33.26,38975,67.21,72.67,41.36,48.93,58.69,47.11,63.63,72.16,65.83,8.95,3.515,4010635,2502434.5,62.39,"Democratic"
"138",140,"Pennsylvania",2021,26800,10277200,0.26,1148,2688,50,2151,487,28.51977401,57,19,7481859,2492416,78.6,6.1,33.31,38315,63.88,67.29,32.99,42.57,57.96,43.85,66.42,72.9,63.96,9.97,3.022,10927881,6583662.79,60.25,"Democratic"
"139",141,"Rhode Island",2021,2500,881600,0.28,255,628,82,509,37,28.51977401,28,1,650409,218816,80.6,7.2,33.64,40382,68.38,69.69,36.66,47.46,57.97,46.71,66.05,73.94,65.97,18.44,2.669,801654,436293.4034,54.42,"Democratic"
"140",142,"South Carolina",2021,7400,4865400,0.15,385,870,17,675,178,28.51977401,38,10,2957656,855205,75.4,5.3,28.91,33339,59.73,64.64,31.58,43.34,59.04,44.51,64.25,69.35,61.93,9.96,2.542,5091679,3036229.793,59.63,"Republican"
"141",143,"South Dakota",2021,700,925100,0.08,58,160,2,91,67,28.51977401,18,2,490818,145577,82.5,2.6,29.66,35135,58.65,62.12,31.77,38.59,54.14,39.49,63.21,68.49,60,10.43,2.759,1346517,870936.4075,64.68,"Republican"
"142",144,"Tennessee",2021,12200,6234200,0.2,685,1637,34,1369,234,28.51977401,13,11,4070563,1159051,75.7,5,28.47,33904,55.53,61.02,29.25,40.8,56.69,41.81,60.53,68.13,58.77,9.78,2.475,6712722,4148807.283,61.81,"Republican"
"143",145,"Texas",2021,80900,24713900,0.33,2320,5501,112,4472,917,28.51977401,111,23,17345197,5232066,77.6,5.9,30.16,34717,62.21,67.53,32.7,46.96,59.92,49.02,63.97,69.51,65.47,9.14,2.482,23012990,14812168.27,64.36,"Republican"
"144",146,"Utah",2021,16500,2937700,0.56,909,1980,17,1724,239,28.51977401,27,4,1902907,608470,80.3,3.3,31.98,35220,58.98,63.23,35.45,39.3,53.05,40.52,58.35,67.72,59.96,8.34,2.983,2838505,1709395.658,60.22,"Republican"
"145",147,"Vermont",2021,3400,602400,0.56,329,878,71,732,75,28.51977401,53,1,375293,152160,81.2,4.1,40.54,40016,70.72,71.21,39.09,48.4,57.57,45.96,67.99,75.71,67.21,16.34,2.777,614340,401499.5015,65.35,"Democratic"
"146",148,"Virginia",2021,30700,7613600,0.4,1139,3302,244,2295,763,28.51977401,40,12,5110738,1995320,79.9,4.5,39.04,43756,67.31,70.14,37.52,47.56,61.2,47.91,69.15,73.24,67.59,9.14,2.731,7652036,4449862.11,58.15,"Democratic"
"147",149,"Washington",2021,66800,6890500,0.97,1773,4325,217,3392,716,28.51977401,78,11,4631164,1657113,78.4,5.5,35.78,46177,69.41,73.38,42.8,49.26,59.36,48.12,67.7,73,68.29,8.75,3.842,7966147,4720498.021,59.26,"Democratic"
"148",150,"West Virginia",2021,1000,1485700,0.07,110,306,18,210,78,28.51977401,8,6,1009194,228758,68.4,5.9,22.67,30195,49.26,55.05,27.72,29.6,47.2,32.92,52.19,62.75,49.87,8.87,2.811,1219024,811820.3298,66.6,"Republican"
"149",151,"Wisconsin",2021,9300,5519900,0.17,475,961,80,687,194,28.51977401,46,12,3409664,1038434,81.1,3.4,30.46,37221,63.33,67.15,33.16,42.2,54.06,42.43,64.46,72.36,61.55,11.01,2.672,5769058,3605785.435,62.5,"Democratic"
"150",152,"Wyoming",2021,500,643300,0.08,70,184,6,101,77,28.51977401,17,2,327243,85738,80.8,3.2,26.2,37156,49.34,53.9,31.65,28.86,45.05,32.91,52.71,62.29,52.42,8.25,2.86,870969,654101.3455,75.1,"Republican"
"151",153,"Alabama",2020,2900,4683200,0.06,224,598,56,451,91,30.63414634,12,12,2856422.5,709462.5,72.55,4.9,24.835,29629,53.33,58,26.17,37.28,50.57,40.11,62.84,69.7,56.11,9.84,2.327,5320340,3164439,59.48,"Republican"
"152",154,"Alaska",2020,900,586100,0.15,37,68,0,63,5,30.63414634,12,2,437165,121817.5,77.65,5.95,27.875,38243.5,60.92,64.12,39.61,40.24,51.33,41.09,64.15,70.5,60.71,19.82,3.05,792826,586281,73.95,"Republican"
"153",155,"Arizona",2020,28800,6285600,0.46,573,1788,3,1412,373,30.63414634,44,8,4131411,1135443,76.4,4.95,27.48,34234,63.55,64,38.06,43.84,51.25,43.4,64.02,73.07,63.58,10.44,2.782,6053781,3514203,58.05,"Democratic"
"154",156,"Arkansas",2020,1300,2645300,0.05,112,350,2,296,52,30.63414634,21,7,1711609.5,380521.5,73.95,4.75,22.23,28263,55.72,60.59,28.68,39.86,48.59,38.73,65.83,70.04,56.56,8.32,2.343,2913369,1859091,63.81,"Republican"
"155",157,"California",2020,425300,34339500,1.24,7689,34924,498,28885,5497,30.63414634,124,17,23609350,7654456,77.7,6.35,32.425,40894.5,69.28,71.42,44.81,50.57,57.1,48.69,72.05,76.06,70.48,18,4.015,30398249,15310597,50.37,"Democratic"
"156",158,"Colorado",2020,24700,5193000,0.48,1066,3253,76,2742,435,30.63414634,82,5,3523819,1404598,81.75,4.15,39.855,42835,65.73,65.15,40.65,42.94,51.26,41.39,64.32,72.76,64.57,10.27,2.675,5350708,3518874,65.76,"Democratic"
"157",159,"Connecticut",2020,9000,2922800,0.31,456,1240,70,926,242,30.63414634,34,8,2116002,807351.5,81.2,5.65,38.15,46752.5,68.89,68.62,39.64,44.58,53.97,44.06,72.38,77.03,69.66,19.13,2.582,2867554,1563661,54.53,"Democratic"
"158",160,"Delaware",2020,1900,914000,0.21,70,206,2,131,73,30.63414634,23,3,561113,178465,78.25,4.85,31.795,37827.5,64.73,65.42,35.32,43.49,56.12,42.66,65.26,74.97,63.65,10.24,2.516,1025430,582338,56.79,"Democratic"
"159",162,"Florida",2020,58200,17341700,0.34,1836,5564,294,4394,876,30.63414634,66,27,12330116.5,3607926.5,77,4.8,29.25,34541.5,63.63,64.83,34.5,44.4,57.73,43.58,67.47,74.25,64.25,10.06,2.645,18464506,9942703,53.85,"Republican"
"160",163,"Georgia",2020,23500,9097800,0.26,1008,3661,239,2930,492,30.63414634,26,15,6322911.5,1961689.5,76.7,4.85,31.015,33871.5,62.33,58.45,32.68,43.45,57.07,43.3,66.01,72.55,62.55,9.93,2.468,8829596,5089616,57.64,"Democratic"
"161",164,"Hawaii",2020,10700,1066300,1,320,759,14,649,96,30.63414634,26,2,820816.5,258180.5,80.15,5.25,31.45,37801.5,72.19,76.42,47.29,50.56,57.9,50.12,74.23,75.97,72.66,27.55,3.784,1244935,730091,58.64,"Democratic"
"162",165,"Idaho",2020,2300,1858400,0.12,113,281,2,196,83,30.63414634,30,5,1032917,274007.5,78.05,2.9,26.495,31723.5,58.8,59.73,35.37,38.79,46.46,38.9,62.95,70.37,59.45,7.99,2.801,1917808,1266283,66.03,"Republican"
"163",166,"Illinois",2020,26000,10234200,0.25,805,2360,38,1919,403,30.63414634,54,11,7454243,2580535,79.75,5.8,34.62,38761,67.51,66.83,37.36,42.15,54.62,42.39,70.75,76.48,63.76,9.75,2.863,10589239,6112939,57.73,"Democratic"
"164",167,"Indiana",2020,7000,6046100,0.12,282,784,0,613,171,30.63414634,52,12,3898857,1018318,78.35,4.2,26.115,32021,57.07,57.75,28.5,35.24,48.31,37.73,61.13,72.99,53.87,9.92,2.66,6199901,3845459,62.02,"Republican"
"165",168,"Iowa",2020,2300,3107300,0.07,188,487,27,308,152,30.63414634,39,8,1790603,502966.5,82.7,3.3,28.085,34411,60,62.65,33.07,35.65,49.07,36.91,64.52,70.81,58.23,8.97,2.497,3787224,2422496,63.96,"Republican"
"166",169,"Kansas",2020,3100,2592200,0.12,246,950,3,826,121,30.63414634,12,4,1654173,523607,81,3.6,31.655,33956.5,60.43,59.55,31.72,38.52,50.52,39.97,63.02,70.48,59.25,10.38,2.395,2603543,1617216,62.12,"Republican"
"167",170,"Kentucky",2020,2600,3967200,0.07,168,383,8,307,68,30.63414634,25,5,2593181,633944,72.85,4.65,24.445,29878.5,52.03,56.96,26.7,32.47,48.25,35.8,57.43,69.2,52.3,8.58,2.418,4459685,2707044,60.7,"Republican"
"168",171,"Louisiana",2020,2000,3821100,0.05,141,360,18,274,68,30.63414634,17,8,2677054,629322.5,72.35,6.3,23.515,29389.5,57.59,58.59,27.08,40.56,51.84,41.03,64.56,70.39,59.53,7.51,2.297,3861204,2413940,62.52,"Republican"
"169",172,"Maine",2020,1900,1224000,0.16,220,518,25,367,126,30.63414634,16,4,787514.5,248948,78.8,3.7,31.6,36280.5,64.39,63.01,37.75,42.28,52.04,38.87,62.47,76.68,63.09,13.54,2.518,1121106,722064,64.41,"Democratic"
"170",173,"Maryland",2020,18000,4835900,0.37,884,2776,33,2269,474,30.63414634,57,4,3622245.5,1403128.5,81.55,4.95,38.73,44912.5,70.58,71.04,39.74,47.37,59.93,45.5,74.61,75.94,70.81,11.15,2.596,4212244,2252734,53.48,"Democratic"
"171",174,"Massachusetts",2020,21000,5389500,0.39,1038,3415,28,3050,337,30.63414634,55,10,4178539.5,1803553.5,82.15,4.95,43.16,47993.5,72.28,70.74,42.56,45.9,55.64,42.8,72.13,78.24,70.05,18.19,2.501,5036686,2881438,57.21,"Democratic"
"172",175,"Michigan",2020,10600,8484700,0.12,567,1605,48,1213,334,30.63414634,37,13,5805440,1674178.5,76.9,5.65,28.84,34122.5,63.68,62.11,34.06,41.25,52.54,40.6,68.44,75.88,61.95,12.21,2.715,8453239,5515112,65.24,"Democratic"
"173",176,"Minnesota",2020,10400,5199900,0.2,445,1218,120,897,201,30.63414634,119,5,3282078.5,1186690,84.55,3.65,36.15,40389,64.86,66.45,35.97,36.88,51.02,39.1,65.77,72.39,60.85,10.57,2.527,5690749,3585895,63.01,"Democratic"
"174",177,"Mississippi",2020,800,2714500,0.03,104,344,58,228,58,30.63414634,17,3,1682070,353055.5,71.15,6.2,20.995,26121,55.23,53.77,27.14,39.01,51.81,41.47,65.76,69.44,58.09,9.13,2.243,2058975,1232591,59.86,"Republican"
"175",178,"Missouri",2020,6700,5554300,0.12,508,2060,9,1834,217,30.63414634,53,8,3536981,1039364,78,3.9,29.385,33174.5,60.34,60.99,32.17,37.47,50.3,38.62,64.13,72.27,58.6,9.64,2.404,5587022,3435190,61.49,"Republican"
"176",179,"Montana",2020,900,970400,0.09,65,188,3,85,100,30.63414634,24,3,613409,192039,78.5,3.6,31.3,34322.5,57.68,60.6,36.43,33.5,46.23,36.16,61.19,68.75,55.6,9.13,2.673,1952553,1133102,58.03,"Republican"
"177",180,"Nebraska",2020,1800,1897900,0.09,115,287,7,212,68,30.63414634,17,3,1097687,351094,84.3,2.65,31.985,34749.5,58.4,59.3,32.08,35,49.69,37.02,63.56,70.68,57.29,8.97,2.547,1935357,1242788,64.21,"Republican"
"178",181,"Nevada",2020,11000,2411300,0.46,299,1166,12,860,294,30.63414634,23,4,1839867.5,436800,77.75,6.85,23.73,34254,63.85,65.3,36.95,43.21,52.85,44.43,64.8,72.99,63.98,8.33,3.228,2550414,1449289,56.83,"Democratic"
"179",182,"New Hampshire",2020,2700,1378600,0.2,131,291,5,215,71,30.63414634,32,4,819150,293454,82.15,3.1,35.81,43303,64.22,63.45,36.08,40.69,50.99,39.05,67.39,75.96,62.73,16.63,2.425,1357535,814942,60.03,"Democratic"
"180",183,"New Jersey",2020,30400,7080100,0.43,553,1652,17,1205,430,30.63414634,35,2,5357576,2165598.5,80.8,6,40.405,46113,70.93,71.88,37.63,43.48,58.6,45.54,74.72,77.94,70.24,13.63,2.521,6006247,3317785,55.24,"Democratic"
"181",184,"New Mexico",2020,2600,1866000,0.14,120,376,24,226,126,30.63414634,32,4,1188320,291539,72.55,6.25,24.535,29733,63.47,67.09,39.74,40.66,53.65,44.81,63.06,72.04,64.97,9.33,2.438,1783151,1094459,61.38,"Democratic"
"182",185,"New York",2020,32600,11467900,0.28,2036,6134,21,5456,657,30.63414634,72,14,11691979,4318171,78.2,6.35,36.925,42467.5,73.79,70.95,40.37,44.38,59.95,46.43,75.72,78.37,71.54,14.87,2.607,11324755,6625705,58.51,"Democratic"
"183",186,"North Carolina",2020,16200,8783700,0.18,813,2267,29,1925,313,30.63414634,54,18,6140032,1923061.5,77.25,4.85,31.315,33637.5,62.53,63.32,32.89,42.88,54.66,41.85,68.29,73.04,62.45,9.43,2.472,8739280,5117798,58.56,"Republican"
"184",187,"North Dakota",2020,200,781600,0.03,42,101,0,58,43,30.63414634,13,3,444419.5,127357.5,84.05,2.65,28.66,36554,52.29,51.74,29.89,30.57,46.06,33.77,54.92,67.62,51.06,8.53,2.515,899083,643532,71.58,"Republican"
"185",188,"Ohio",2020,14500,10336400,0.14,656,1845,22,1441,382,30.63414634,32,14,6756485,1925862,78.35,4.65,28.5,33949.5,61.08,61.2,31.3,38.52,51.5,38.79,65.94,74.77,59.36,9.44,2.657,10592317,5922375,55.91,"Republican"
"186",189,"Oklahoma",2020,3400,4001700,0.08,263,693,7,340,346,30.63414634,24,3,2263494,545929.5,75.1,4.8,24.115,29817.5,53.35,55.82,27.9,37.58,47.66,38.88,60.64,68.4,55.27,7.63,2.344,3730247,2369663,63.53,"Republican"
"187",190,"Oregon",2020,22800,3692600,0.62,745,2121,66,1622,433,30.63414634,84,8,2491011.5,806246,77.85,5.3,32.365,37253,65.82,69.32,43.59,46.2,53.3,41.79,64.94,74.78,65.18,8.82,3.285,4095442,2513136,61.36,"Democratic"
"188",191,"Pennsylvania",2020,17500,10225900,0.17,757,2054,31,1698,325,30.63414634,47,19,7459115.5,2404131.5,78.65,5.15,32.225,37059.5,63.73,64.16,33.41,40.81,53.85,40.88,69.21,75.78,63.81,9.7,2.824,10690187,6230712,58.28,"Democratic"
"189",192,"Rhode Island",2020,1600,883100,0.18,148,550,79,433,38,30.63414634,27,1,642186.5,212080.5,80.5,5.45,33.015,38953.5,67.56,67.19,38.78,43.69,54.22,42.33,68.91,77.03,67.04,18.54,2.494,866584,458933,52.96,"Democratic"
"190",193,"South Carolina",2020,4400,4772400,0.09,309,734,3,610,121,30.63414634,37,10,2953370,823286.5,75.75,4.8,27.87,32317,59.54,60.52,31.25,39.52,54.76,41.92,65.98,71.89,60.73,9.9,2.375,4561299,2662971,58.38,"Republican"
"191",194,"South Dakota",2020,400,925000,0.04,45,133,0,79,54,30.63414634,17,2,491368,141119,82.75,2.7,28.72,33342.5,58.7,57.04,31,36.59,47.79,37.37,64.72,70.87,57.12,10.06,2.579,1294282,836843,64.66,"Republican"
"192",195,"Tennessee",2020,7800,6186800,0.13,494,1345,35,1122,188,30.63414634,13,11,4034613.5,1122254.5,75.85,4.6,27.81,32564,55.07,57.5,26.94,36.87,49.96,39.55,62.76,70.78,55.62,9.52,2.313,5855373,3532911,60.34,"Republican"
"193",196,"Texas",2020,52200,24508900,0.21,1579,4807,82,3988,737,30.63414634,100,25,17181534,4992689.5,77.6,4.95,29.045,33492,61.27,64.65,33.03,42.7,54.09,45.14,64.9,71.57,64.9,8.36,2.32,22419490,13932201,62.14,"Republican"
"194",197,"Utah",2020,11200,2879700,0.39,444,1606,2,1397,207,30.63414634,23,4,1858340,577896,80.75,2.95,31.08,33495.5,58.88,59.5,35.62,35.87,47.79,37.79,60.37,69.96,57.96,8.27,2.788,2479604,1446536,58.34,"Republican"
"195",198,"Vermont",2020,2200,605200,0.36,264,793,71,652,70,30.63414634,31,1,369386.5,139722.5,81.3,3.65,37.78,37859,68.85,67.6,40.71,42.7,52.99,39.79,68.82,77.63,67.57,16.33,2.596,608197,384462,63.21,"Democratic"
"196",199,"Virginia",2020,20500,7697200,0.27,814,2531,126,1876,529,30.63414634,36,12,5092230,1934998,80,4.05,37.995,42195.5,66.11,66.93,38.05,44.1,56.31,43.7,70.82,73.78,65.77,9.16,2.552,7606452,4329294,56.92,"Democratic"
"197",200,"Washington",2020,50500,6832100,0.74,1235,3817,161,3011,645,30.63414634,73,11,4594812.5,1598472,78.95,4.8,34.78,43849,67.36,69.59,43.7,46.45,53.71,42.85,68.4,74.49,65.66,8.33,3.591,7257401,4211411,58.03,"Democratic"
"198",201,"West Virginia",2020,600,1482700,0.04,93,258,9,189,60,30.63414634,8,6,1014608,217295.5,69,5.8,21.425,28820.5,48.91,52.87,27.74,31.5,47.28,33.83,56.24,68.98,49.58,8.75,2.627,1657362,1102015,66.49,"Republican"
"199",202,"Wisconsin",2020,6300,5570800,0.11,381,828,76,605,147,30.63414634,38,12,3395814,1019531.5,81.5,3.15,30.025,35894.5,62.47,64.22,32.16,37.06,49,37.77,65.71,73.65,58.55,10.82,2.497,5616271,3423523,60.96,"Democratic"
"200",203,"Wyoming",2020,300,638300,0.05,61,172,2,93,77,30.63414634,17,2,328033.5,84228,80.45,3.15,25.68,35630,49.7,51.62,32.7,28.47,45.67,34.18,55.2,66.47,49.27,8.27,2.673,861028,637107,73.99,"Republican"
"201",255,"Alabama",2018,1300,4476700,0.03,165,395,72,261,62,54,10,14,2825611,664685,71.3,5.2,23.52,27525,52.66,54.44,30.01,39.92,56.91,40.85,63.57,75.06,58.54,9.63,2.243,5300199.154,3023208.41,57.04,"Republican"
"202",256,"Alaska",2018,500,613900,0.08,7,11,0,11,0,54,12,2,446460,117735,78.6,6.3,26.37,35735,57.48,61.28,40.87,42.23,55.98,41.69,63.01,74.57,62.31,19.36,2.94,803683.5592,580390.2365,72.22,"Republican"
"203",257,"Arizona",2018,12600,6033300,0.21,480,1227,3,996,228,54,44,8,4070854,1065567,75.5,4.8,26.18,30530,60.31,61.14,40.29,42.64,56.33,45.29,64.18,75.91,63.76,10.85,2.682,5806312.675,3235917.536,55.73,"Republican"
"204",258,"Arkansas",2018,600,2591500,0.02,70,124,3,101,20,54,21,8,1714011,363722,72.4,4,21.22,26626,53.17,57.23,31.77,38.39,55.53,39.68,64.21,73.79,58.73,7.78,2.258,2817145.296,1792851.129,63.64,"Republican"
"205",259,"California",2018,273500,32814500,0.83,5480,21166,641,17778,2657,54,118,19,23858755,7346033,77.5,5.2,30.79,37124,67.21,68.47,45.88,51.57,61.48,51.55,72.03,79.07,69.74,16.58,3.87,31022327.88,15033964.63,48.46,"Democratic"
"206",260,"Colorado",2018,12500,5131900,0.24,707,1788,78,1499,211,54,79,5,3466554,1309553,81.5,3.5,37.78,38057,62.72,62.15,42.43,42.64,55.85,44.97,64.59,76.03,64.69,10.02,2.579,5356017.862,3353668.762,62.61,"Democratic"
"207",261,"Connecticut",2018,5000,2971400,0.17,383,837,37,670,129,54,34,8,2120095,780847,81.2,5.1,36.83,44026,67.25,65.75,40.8,47.78,60.88,45.81,73.35,81.03,68.8,18.41,2.489,2879801.55,1473679.373,51.17,"Democratic"
"208",262,"Delaware",2018,800,878600,0.09,50,133,2,80,51,54,23,3,558497,157678,77.3,5.3,28.23,33745,61.38,62.7,36.64,43.66,60.27,45.4,67.87,78.33,63.38,10.55,2.425,1008467.635,543231.4438,53.87,"Democratic"
"209",264,"Florida",2018,27400,16774700,0.16,1265,3027,215,2373,439,54,64,27,12198931,3380275,76.2,4.7,27.71,31359,60.14,61.5,36.85,44.97,61.32,45.87,67.34,78.07,64.18,10.32,2.55,17496001.92,8882854.527,50.77,"Republican"
"210",265,"Georgia",2018,15900,8830100,0.18,772,2188,155,1762,271,54,25,16,6241122,1836344,76.6,4.4,29.42,31187,59.7,55.71,34.9,43.81,60.53,44.31,67.29,77.23,63.63,9.62,2.379,8512550.238,4714799.278,55.39,"Republican"
"211",266,"Hawaii",2018,6600,1080700,0.61,278,536,9,445,81,54,26,2,824717,251343,81.2,3.7,30.48,35255,68.61,73.19,47.35,52.87,62.22,53.36,74.09,78.87,72.07,29.18,3.648,1267385.325,723959.7689,57.12,"Democratic"
"212",267,"Idaho",2018,1100,1760600,0.06,87,174,2,130,42,54,29,5,980156,244823,76.9,3.5,24.98,27816,55.62,56.23,38.97,41.4,54.43,39.84,66.07,74.81,60.54,8.17,2.7,1879670.042,1210554.376,64.4,"Republican"
"213",268,"Illinois",2018,13600,10234400,0.13,579,1399,33,1133,233,54,54,15,7554854,2517054,79.9,5.2,33.32,35801,66.1,63.57,37.56,43.52,59.89,44.96,69.01,79.41,64.66,9.6,2.76,10588909.73,5756733.868,54.37,"Democratic"
"214",269,"Indiana",2018,3400,5908700,0.06,225,489,0,381,108,54,51,14,3882186,981958,78.2,4,25.29,29369,54.25,54.59,33.05,36.17,52.78,38.13,60.25,76.78,56.85,9.75,2.565,6190735.937,3670024.459,59.28,"Republican"
"215",270,"Iowa",2018,1100,3061200,0.04,129,296,27,215,54,54,39,9,1787109,488615,82.7,3.2,27.34,31559,58.37,58.53,34.86,39.3,55.59,37.68,63.36,75.48,59.71,8.92,2.407,3691891.776,2245709.853,60.83,"Republican"
"216",271,"Kansas",2018,1700,2554800,0.07,198,783,6,711,66,54,12,6,1658244,512414,81,3.3,30.9,31456,57.08,57.12,35.29,40.2,55.35,41.48,63.16,74.86,60.41,10.72,2.309,2684009.916,1607396.874,59.89,"Republican"
"217",272,"Kentucky",2018,1200,3939400,0.03,114,221,8,164,49,54,24,9,2608766,602661,72.6,4.8,23.1,27823,50.44,54.17,29.25,35.25,52.11,37.29,59.28,73.94,55.61,8.52,2.331,4368285.035,2534172.181,58.01,"Republican"
"218",273,"Louisiana",2018,900,3794800,0.02,102,213,5,152,56,54,17,8,2714016,599821,72.4,5.9,22.1,27274,55.23,56.49,31.06,40.96,57.13,42.22,64.89,75.42,61.17,7.71,2.215,3885118.819,2352678.563,60.56,"Republican"
"219",274,"Maine",2018,800,1205600,0.07,151,264,7,201,56,54,16,4,781191,226506,79.3,3,28.99,32095,60.47,61.03,40.03,41.13,54.45,40.71,63.77,78.71,62.21,13.44,2.428,1125588.426,679175.3749,60.34,"Democratic"
"220",275,"Maryland",2018,8400,4726400,0.18,665,1752,60,1428,264,54,55,7,3620466,1369463,81.9,4.6,37.83,41522,68.27,67,40.31,49.19,64.56,49.36,73.1,79.94,69.15,11.57,2.502,4204846.044,2141055.992,50.92,"Democratic"
"221",276,"Massachusetts",2018,10300,5298100,0.19,649,1794,36,1554,204,54,53,10,4188168,1749943,81.1,4.3,41.78,43349,69.55,67.79,43.32,48.05,60.53,46.44,71.28,80.85,68.52,18.5,2.411,5061498.6,2696290.395,53.27,"Democratic"
"222",277,"Michigan",2018,4200,8698100,0.05,606,1382,103,1091,178,54,37,13,5839685,1606176,76.7,4.9,27.5,31508,61.54,59.24,36.72,43,57.46,42.5,70.21,79.85,61.03,11.4,2.617,8380386.525,5095521.896,60.8,"Democratic"
"223",278,"Minnesota",2018,4900,5012200,0.1,318,788,140,531,117,54,115,8,3280145,1134795,84.3,3.2,34.6,37192,61.15,63.45,38.74,40.14,55.47,41.25,63.18,76.03,63.09,10.37,2.436,5404277.269,3165855.888,58.58,"Democratic"
"224",279,"Mississippi",2018,300,2593600,0.01,58,119,1,79,39,54,16,4,1707539,359708,70.7,6.6,21.07,24160,55.44,52.1,30.52,41.37,57.58,42.75,66.19,75.49,59.81,9.24,2.162,2067498.314,1206447.494,58.35,"Republican"
"225",280,"Missouri",2018,3500,5780400,0.06,409,1675,12,1520,143,54,53,8,3554111,994041,77.4,3.9,27.97,30498,56.58,58.3,34.7,39.32,54.08,39.43,62.39,76.33,61,9.93,2.318,5498674.974,3215389.463,58.48,"Republican"
"226",281,"Montana",2018,500,976000,0.05,43,96,1,47,48,54,24,3,603344,172866,79.3,3.1,28.65,30680,56.64,56.06,38.21,38.92,52.08,37.69,61.66,72.6,59.42,8.84,2.577,1845338.15,1093927.071,59.28,"Republican"
"227",282,"Nebraska",2018,900,1866000,0.05,78,195,8,129,58,54,17,4,1094875,333066,83.5,3,30.42,31771,55.44,56.65,34.89,37.84,53.74,38.12,60.58,74.31,59.42,9.02,2.455,1961308.579,1209012.846,61.64,"Republican"
"228",283,"Nevada",2018,5100,2352400,0.22,226,659,13,492,154,54,22,4,1801830,395986,77.7,5.1,21.98,31604,60.62,62.36,39.09,42.48,56.5,45.79,64.92,76.29,64.25,8.67,3.112,2514338.276,1361583.36,54.15,"Democratic"
"229",284,"New Hampshire",2018,1200,1345000,0.09,126,228,10,171,47,54,31,4,810806,273218,81.8,3.4,33.7,39521,61.55,61.13,41.41,42.76,55.68,41.4,66.98,79.63,62.97,17.01,2.338,1346318.258,757352.6588,56.25,"Democratic"
"230",285,"New Jersey",2018,13400,7151100,0.19,309,749,18,552,179,54,33,3,5305228,2073911,80.6,4.6,39.09,42815,67.33,67.52,38.53,46.94,63.74,48.61,73.24,81.7,69.5,13.23,2.43,6055389.444,3124738.397,51.6,"Democratic"
"231",286,"New Mexico",2018,1300,1830400,0.07,70,181,25,87,69,54,32,5,1186864,274881,71.2,5.7,23.16,26529,61.03,65.03,42.93,42.55,57.36,47.59,62.38,75.54,65.59,9.35,2.35,1824217.475,1102580.229,60.44,"Democratic"
"232",287,"New York",2018,15500,11483600,0.13,1157,2562,53,2189,320,54,67,14,11754335,4145049,77.8,4.7,35.26,38884,70.76,67.99,39.69,47.89,65.51,48.77,74.48,80.48,70.8,14.83,2.513,11482229.1,6297198.065,54.84,"Democratic"
"233",288,"North Carolina",2018,7300,8480900,0.09,666,1488,36,1235,217,54,51,19,6095898,1812964,77.1,4.5,29.74,30737,59.28,60.04,35.86,43.57,59.08,44.56,67.43,77.68,62.71,9.25,2.383,8210212.654,4595651.19,55.97,"Republican"
"234",289,"North Dakota",2018,100,772500,0.01,20,28,0,28,0,54,13,3,446936,122477,83.9,2.5,27.4,34848,50.7,50.46,33.34,32.85,49.83,34.44,52.63,72.92,56.25,8.91,2.424,899952.5097,617535.5056,68.62,"Republican"
"235",290,"Ohio",2018,6400,10254200,0.06,441,949,27,720,202,54,32,17,6783513,1864052,78.3,4.5,27.48,31293,58.05,57.49,34.65,39.34,55.74,40.59,65.74,78.57,59.41,9.94,2.561,10913773.31,5858774.241,53.68,"Republican"
"236",291,"Oklahoma",2018,3700,4126000,0.09,65,167,9,116,42,54,23,4,2254379,515808,74.7,4,22.88,28011,51.13,54.19,32.37,38.35,53.52,39.2,61.58,73.29,58.63,8.09,2.26,3699021.852,2270493.151,61.38,"Republican"
"237",292,"Oregon",2018,13800,3843700,0.36,669,1544,85,1186,273,54,83,10,2477756,766637,77.9,4.5,30.94,34058,61.98,66.45,44.38,44.92,56.25,44.42,66.43,77.96,65.57,8.85,3.167,3942874.801,2302880.781,58.41,"Democratic"
"238",293,"Pennsylvania",2018,8000,10003000,0.08,453,985,9,776,200,54,46,19,7474664,2292722,78.6,4.5,30.67,33960,60.75,60.2,35.27,40.63,57.39,42.76,67.83,78.87,63.33,10.1,2.723,10727714.83,5874766.633,54.76,"Democratic"
"239",294,"Rhode Island",2018,700,883400,0.08,89,246,21,205,20,54,27,1,633571,199152,79.5,5.2,31.43,34999,63.77,64.98,41.15,43.44,57.1,45,67.04,79.49,64.42,18.1,2.404,872344.1762,429552.1501,49.24,"Democratic"
"240",295,"South Carolina",2018,2000,4604500,0.04,270,554,4,463,87,54,37,11,2925399,752074,75.8,4.9,25.71,28957,57.04,57.36,35.21,41.89,60.14,42.91,66.89,75.97,62,9.67,2.29,4457518.846,2493038.792,55.93,"Republican"
"241",296,"South Dakota",2018,200,919800,0.02,33,77,0,33,44,54,17,3,495283,132893,82.4,2.7,26.83,29953,56.11,54.33,34.63,38.48,53.97,37.97,64.53,75.53,60.09,9.97,2.486,1269414.742,787407.8963,62.03,"Republican"
"242",297,"Tennessee",2018,3900,5931800,0.07,458,1145,29,951,165,54,12,11,3973372,1021392,75.3,5.1,25.71,29284,53.66,54.56,30.86,39.26,56.79,40.59,65.22,74.27,57.34,9.58,2.23,5770873.794,3274808.637,56.75,"Republican"
"243",298,"Texas",2018,24500,22972500,0.11,1180,3138,98,2615,425,54,98,25,16866183,4614669,76.9,4.5,27.36,30641,58.87,62.28,35.35,44.8,58.53,46.83,66.02,76.05,65.09,8.48,2.237,22186240.57,13518870.89,60.93,"Republican"
"244",299,"Utah",2018,5600,2705100,0.21,196,553,2,434,117,54,23,4,1781379,534780,79.6,2.8,30.02,29756,56.87,56.5,39.12,39.62,53.15,39.07,61.82,73.61,62.12,8.21,2.688,2372800.103,1344546.531,56.66,"Republican"
"245",300,"Vermont",2018,1100,614200,0.18,209,535,62,416,57,54,29,1,365428,128942,81.4,3.5,35.29,33956,66.87,65.19,41.73,44.09,56.66,43.17,68.71,81.12,66.29,15.13,2.502,619693.7104,369738.1429,59.66,"Democratic"
"246",301,"Virginia",2018,9900,7694500,0.13,615,1446,95,1100,251,54,33,15,5083498,1855841,79.5,3.9,36.51,38900,63,63.4,39.13,44.96,61.84,46.07,69.88,78.22,65.58,9.48,2.46,7604646.236,4106265.345,54,"Democratic"
"247",302,"Washington",2018,30200,6644500,0.45,961,2573,171,2085,317,54,73,12,4526253,1517004,78.8,3.9,33.52,39119,63.69,66.41,44.62,45.74,58.24,45.9,68.73,77.29,66.46,8,3.461,7152412.938,3928127.406,54.92,"Democratic"
"248",303,"West Virginia",2018,200,1515200,0.01,89,212,9,150,53,54,8,8,1033325,206678,68.3,5.4,20,26179,46.35,48.53,30.3,32.6,51.21,34.35,54.03,71.69,53.55,8.72,2.532,1693719.471,1069746.317,63.16,"Republican"
"249",304,"Wisconsin",2018,3700,5512200,0.07,306,557,90,359,108,54,37,14,3400346,955330,81.6,2.9,28.1,33032,60.48,61.47,34.84,39.46,54.01,39.91,67.22,78.5,60.46,10.58,2.407,5683061.122,3244241.431,57.09,"Democratic"
"250",305,"Wyoming",2018,200,623600,0.03,45,121,4,53,64,54,14,2,329459,81612,80.5,3.4,24.77,33522,48.65,49.08,34.54,32.26,48.71,34.15,51.72,71.15,55,8.09,2.577,837024.0712,600451.8336,71.74,"Republican"
